<beans xmlns="http://www.springframework.org/schema/beans"
       xmlns:jdbc="http://www.springframework.org/schema/jdbc" xmlns:xsi="http://www.w3.org/2001/XMLSchema-instance"
       xsi:schemaLocation="http://www.springframework.org/schema/beans classpath:spring-beans.xsd
                            http://www.springframework.org/schema/jdbc classpath:spring-jdbc.xsd
                            http://www.springframework.org/schema/context classpath:spring-context.xsd
                            http://www.springframework.org/schema/tool classpath:spring-tool.xsd">

    <bean id="credentialsDecrypter" class="darkdenim.CredentialsDecrypter">
        <constructor-arg value="generateMe"/>
        <constructor-arg value="generateMe"/>
    </bean>

    <bean id="appConfig" class="darkdenim.AppConfig">
        <constructor-arg value="jdbc:jtds:sqlserver://localhost:53777/jse"/>
        <constructor-arg ref="credentialsDecrypter"/>
    </bean>

	<!--
    <bean id="appConfig" class="darkdenim.AppConfig">
        <constructor-arg value="jdbc:jtds:sqlserver://localhost:53777/jse"/>
        <constructor-arg ref="credentialsDecrypter"/>
        <constructor-arg value="proxyURL"/>
        <constructor-arg value="proxyPort"/>
        <constructor-arg value="proxyUsername"/>
        <constructor-arg value="proxyPassword"/>
    </bean>
	-->
</beans>